{"cameraMode":{"drawMode":0,"name":"Shaded","section":"Shading Mode"},"sceneLighting":false,"audioPlay":false,"sceneViewState":{"showFog":true,"showMaterialUpdate":false,"showSkybox":true,"showFlares":true,"showImageEffects":true,"showParticleSystems":true},"in2DMode":false,"pivot":{"x":0.0011614561080932618,"y":-0.19052156805992127,"z":0.0069371555000543598},"rotation":{"x":0.7976520657539368,"y":0.0018093374092131854,"z":-0.002392955357208848,"w":0.6031104326248169},"size":3.261157512664795,"orthographic":true}