{"cameraMode":{"drawMode":0,"name":"Shaded","section":"Shading Mode"},"sceneLighting":false,"audioPlay":false,"sceneViewState":{"showFog":true,"showMaterialUpdate":true,"showSkybox":true,"showFlares":true,"showImageEffects":true,"showParticleSystems":true},"in2DMode":false,"pivot":{"x":0.15805435180664063,"y":-5.064453125,"z":-1.427001953125},"rotation":{"x":0.7976521253585815,"y":0.0018093372927978635,"z":-0.0023929555900394918,"w":0.6031104922294617},"size":3.418192148208618,"orthographic":true}