{"cameraMode":{"drawMode":0,"name":"Shaded","section":"Shading Mode"},"sceneLighting":true,"audioPlay":false,"sceneViewState":{"showFog":false,"showMaterialUpdate":false,"showSkybox":false,"showFlares":false,"showImageEffects":false,"showParticleSystems":false},"in2DMode":false,"pivot":{"x":242.07342529296876,"y":417.62139892578127,"z":-2.92315673828125},"rotation":{"x":0.00032863690285012126,"y":0.9950683116912842,"z":-0.0032956621143966915,"w":0.09913697838783264},"size":563.3035888671875,"orthographic":false}